customer_id,buy_proba
20201026-010002,0.8856103971182048
20201026-010012,0.926723038534751
20201026-010016,0.5052686181619404
20201026-010018,0.732589871125179
20201026-010022,0.915051551818004
20201026-010028,0.7814318439316826
20201026-010029,0.9340799315401782
20201026-010036,0.7359710078144093
20201026-010040,0.8949170001180404
20201026-010044,0.9479834582314822
20201026-010047,0.690418628711902
20201026-010052,0.9425510958387003
20201026-010056,0.004414359338177252
20201026-010062,0.45444292580001205
20201026-010069,0.4957404345878487
20201026-010070,0.5906597789476717
20201026-010071,0.9475428332361597
20201026-010072,0.5670786033098544
20201026-010075,0.033921188859605614
20201026-010081,0.47032167302850514
20201026-010083,0.7559257743784682
20201026-010093,0.8108263783327448
20201026-010096,0.9409312627556753
20201026-010103,0.9224519772088984
20201026-010104,0.008439275030264905
20201026-010113,0.2725158407439424
20201026-010114,0.10466582106786584
20201026-010121,0.9372372683081139
20201026-010126,0.5728766169794415
20201026-010137,0.3990775032727084
20201026-010138,0.6660180835693966
20201026-010139,0.9574930421043963
20201026-010141,0.9036786911448541
20201026-010142,0.4761653424992559
20201026-010154,0.9064927161479229
20201026-010162,0.008468417493686754
20201026-010163,0.009358412539582162
20201026-010166,9.402967476459485e-13
20201026-010171,0.9312313028340348
20201026-010173,0.8782703438505548
20201026-010188,0.015133896071375589
20201026-020002,0.9339419543222931
20201026-020003,0.6591498427098769
20201026-020016,0.8194376353723297
20201026-020021,0.5503588728451114
20201026-020023,0.7149643680246444
20201026-020027,0.9254032844555051
20201026-020037,0.9151606550017815
20201026-020041,0.07669357528152913
20201026-020051,0.910512879625246
20201026-020056,0.9375036814730482
20201026-020059,0.9009474787118222
20201026-020062,0.6298807404582056
20201026-020064,0.017102957578840654
20201026-020065,0.4623533898988304
20201026-020066,0.7312110055708663
20201026-020067,0.8929532344999658
20201026-020072,0.02510296170541173
20201026-020076,0.9126811035105657
20201026-020080,0.9324141607797187
20201026-020096,0.019613803434048248
20201026-020097,0.776788812027911
20201026-020107,0.27459482339128227
20201026-020111,0.38839013677227907
20201026-020115,0.9443143614296174
20201026-020118,0.9447957459351307
20201026-020122,0.8675499816004257
20201026-020123,0.03405881350622129
20201026-020124,0.769243094100209
20201026-020125,0.7842418067206587
20201026-020134,0.9345431266984809
20201026-020135,0.5356192625210325
20201026-020141,0.9381258052031326
20201026-020164,0.5594106879988611
20201026-020165,0.743787567052202
20201026-020167,0.39437592509987035
20201026-020175,0.151198465890729
20201026-020184,0.8536571720558896
20201026-020202,0.8603472666550509
20201026-020204,4.787264069750793e-07
20201026-020205,0.9307868137265822
20201026-020210,0.9041540558140148
20201026-020214,0.8178984105212865
20201026-020215,0.8754502358008824
20201026-020224,0.4359127677401437
20201026-020226,0.9207167761583059
20201026-020227,0.6578300944758548
20201026-020233,0.09944110485861823
20201026-020236,0.7306204741100292
20201026-020239,0.00018052816450514746
20201026-020242,0.9626882677674742
20201026-020249,0.3752540926677563
20201026-020259,0.006213968211258272
20201026-020263,0.10340121728322291
20201026-020288,0.0016314665868955908
20201026-020290,1.8986372832824132e-06
20201026-020291,0.42769306709074273
20201026-020294,0.5343968938819217
20201026-020297,0.7471754854146414
20201026-020301,0.8672587716255399
20201026-020306,0.9333280585503504
20201026-020307,0.9232009662958801
20201026-020316,0.9208772468487654
20201026-020321,0.007746830760783551
20201026-020322,0.029492023761644028
20201026-020324,0.35756975031067484
20201026-030001,0.9429594793287697
20201026-030007,0.1495652163084442
20201026-030013,0.8985928735846633
20201026-030014,0.6475122376678933
20201026-030015,0.4837658225350336
20201026-030018,0.4614485567125578
20201026-030025,0.6896043467044081
20201026-030036,0.12982913831172443
20201026-030038,0.8982011040128847
20201026-030044,0.0743067628212742
20201026-030047,0.9097375764437593
20201026-030050,0.0015011113867727727
20201026-030054,0.0277238017024769
20201026-030057,0.8613364134038562
20201026-030060,0.00904349399455507
20201026-030065,0.6690610793817668
20201026-030077,0.6952210076809348
20201026-030086,0.28819534863733187
20201026-030097,0.12083865838561611
20201026-030099,0.07357869115344749
20201026-030101,0.040749660198355755
20201026-030106,0.06111702620349377
20201026-030110,0.7433232901477826
20201026-030111,0.004525026426010749
20201026-030113,0.402809929430719
20201026-030117,0.010859595982738038
20201026-030134,0.9214801595192968
20201026-030139,0.023116484139473988
20201026-030148,0.7973344437837531
20201026-030154,0.7098436613427066
20201026-030159,0.015759218677392498
20201026-030163,0.07316157036131489
20201026-030171,0.9125329491373916
20201026-030176,6.889095125443934e-05
20201026-030178,0.0002597371479615362
20201026-030181,0.9444363816306719
20201026-030185,0.10120608570838019
20201026-030186,0.7010952108092736
20201026-030191,0.9126681052378227
20201026-030192,0.9078272144814251
20201026-040006,0.823199578596491
20201026-040009,0.8965767783179248
20201026-040015,0.732760710705497
20201026-040025,0.29979088640069773
20201026-040032,0.9579289215055902
20201026-040035,0.880835833741588
20201026-040039,0.0004458957729334006
20201026-040043,0.8624775671291562
20201026-040045,0.04572179745547771
20201026-040049,0.8493008534740419
20201026-040054,0.06434396656130816
20201026-040058,0.26735383427129367
20201026-040059,0.8139192741004224
20201026-040062,0.8257440461586304
20201026-040064,0.732760710705497
20201026-040074,0.10608533126770785
20201026-040086,0.9037301110082906
20201026-040087,0.62521634483388
20201026-040088,0.8970808461361499
20201026-040096,0.9421501820594435
20201026-040097,0.010257983916690043
20201026-040105,0.4292998916967196
20201026-040107,0.603362951046222
20201026-040108,0.935594582945919
20201026-040113,0.025256160977748857
20201026-040117,0.25781576993870836
20201026-040120,0.8815281856239885
20201026-040121,0.8092389578113529
20201026-040123,0.08303891944809785
20201026-040126,0.20654451115041716
20201026-040132,0.06971969462387989
20201026-040139,0.9188311982063814
20201026-040140,0.9321676565157497
20201026-040146,0.826376769410662
20201026-040155,0.0361437566120195
20201026-040163,0.001747525536738915
20201026-040165,0.11197803060137454
20201026-040168,0.9377608820355746
20201026-040173,0.004779954262320704
20201026-040178,0.9517113864589191
20201026-040179,0.8251699365391348
20201026-040192,0.8319961842624851
20201026-040193,0.1705120638258357
20201026-040196,0.9478759131449432
20201026-050008,0.7501711728401389
20201026-050018,0.0017201698736894018
20201026-050020,0.8411017610391517
20201026-050032,0.9254918470760772
20201026-050039,0.22280184535432054
20201026-050049,0.9318171143729631
20201026-050050,0.8821580350493109
20201026-050056,0.0017752088552148327
20201026-050057,0.9023650340121115
20201026-050058,0.8214351313296724
20201026-050059,0.9029571412920355
20201026-050070,0.8983368981422727
20201026-050074,0.8377913054762073
20201026-050075,0.7255511701987178
20201026-050076,0.9485950794630285
20201026-050083,0.5966710949921604
20201026-050095,0.6203368117662239
20201026-050100,0.006284126001830396
20201026-050101,0.8120005203936255
20201026-050105,0.8253542761078098
20201026-050107,0.88745850225785
20201026-050112,0.8131927030729484
20201026-050130,0.0017218130345762128
20201026-050132,0.6907147035291543
20201026-050133,0.9076087223519035
20201026-050134,0.8750836713460168
20201026-050141,0.9671369672403262
20201026-050143,0.02286761531352542
20201026-050146,0.9024914202277445
20201026-050157,0.6943655116152622
20201026-050162,0.40305053458264084
20201026-050167,0.9270586026520924
20201026-050176,0.11733880438414276
20201026-050179,0.8592767507973167
20201026-050180,0.0009043974675607476
20201026-060004,0.5889813862178762
20201026-060023,0.0007327119132469258
20201026-060027,0.00012888802739324985
20201026-060028,0.8330861643264291
20201026-060029,0.38733908364463704
20201026-060032,0.8233143225302665
20201026-060035,0.8647194296636078
20201026-060036,0.9336279255007776
20201026-060038,0.13405107387973345
20201026-060043,0.943097115153683
20201026-060044,0.8984828771281869
20201026-060067,0.013510163344974452
20201026-060068,0.9325447231310081
20201026-060069,0.2520393731123571
20201026-060073,0.9228665604088598
20201026-060077,0.9222177761625884
20201026-060079,0.7500884098666848
20201026-060083,0.0050238667777312155
20201026-060085,0.9506887027850975
20201026-060090,0.6067774737920343
20201026-060092,0.6123283207712077
20201026-060097,0.15542536541931068
20201026-060103,3.304790249620353e-07
20201026-060110,0.000261892104384691
20201026-060111,0.7567248210564436
20201026-060112,0.4292391516030416
20201026-060120,0.9144495968457422
20201026-060123,0.25065884612967154
20201026-060124,0.6770884814407032
20201026-060132,0.7940850767556673
20201026-060133,0.8561580579572082
20201026-060134,0.0004128470745548081
20201026-060135,0.9333195832886785
20201026-060141,0.07197302578403814
20201026-060144,0.13722075844100629
20201026-060145,0.9328802128666006
20201026-060152,0.5223349963389203
20201026-060166,5.621426063274632e-08
20201026-060167,0.9238709712984192
20201026-060170,0.9192469851765694
20201026-060188,0.9240889911000403
20201026-060189,0.3446379164583937
20201026-060190,0.012955204295787214
20201026-060198,1.4425490749909516e-06
20201026-060199,0.803203423193898
20201026-060200,0.8971869487695392
20201026-060208,3.299606996124134e-07
20201026-060210,0.8251235464012453
20201026-060215,1.4750735732657003e-07
20201026-060216,0.0003840081412560921
20201026-060220,0.7124963557787813
20201026-060221,0.007813626245542294
20201026-060233,0.7544823502486242
20201026-060235,0.5468697043132223
20201026-060236,0.5277269003095472
20201026-060237,0.8975342337409845
20201026-060240,0.05014736081909269
20201026-060245,0.32299889480578503
20201026-060252,0.7832498824130572
20201026-060271,0.8106237218476847
20201026-060277,0.8070351875465599
20201026-060279,0.4970895552185493
20201027-010002,0.7979536778481697
20201027-010005,0.9003390886214735
20201027-010009,0.9483273809699752
20201027-010010,0.4906336963999212
20201027-010016,0.8336292362895847
20201027-010028,0.03264700849732602
20201027-010029,0.5865016291565369
20201027-010031,0.9305544070868336
20201027-010032,0.06008292608107395
20201027-010033,0.8413083439604249
20201027-010034,0.8008229982689599
20201027-010043,0.2722570288858338
20201027-010051,0.8761729357237785
20201027-010063,0.5635574485348246
20201027-010068,0.9018530775533251
20201027-010074,0.8083707618106253
20201027-010078,0.0037009659635756295
20201027-010081,0.7047691760218622
20201027-010093,0.7459862570995752
20201027-010097,0.24118353892639374
20201027-010105,0.00033243624469135114
20201027-010111,0.007827505560097134
20201027-010125,0.00122431845847439
20201027-010135,0.09851984602458215
20201027-010136,0.9131082466927735
20201027-010141,0.3060018214096209
20201027-010157,0.7907579641177476
20201027-010166,0.9267257154140404
20201027-010173,0.6916694748132506
20201027-010176,0.9114768761892491
20201027-010181,0.5814256554473965
20201027-010182,0.0003743398887452814
20201027-010199,0.28843086882931857
20201027-010206,0.00028357244536289544
20201027-010222,0.4818655412651239
20201027-010225,0.016030005131940785
20201027-010226,1.813992661192784e-05
20201027-010236,2.0907224130465924e-06
20201027-020005,0.8443368458867181
20201027-020007,0.6558039101510814
20201027-020008,0.02248633244327156
20201027-020011,0.9190925661965813
20201027-020014,0.05492265141318038
20201027-020015,0.8044794427191355
20201027-020057,0.5013090750612964
20201027-020060,0.3114234765266112
20201027-020063,0.7937256638206744
20201027-020064,0.20990469542136742
20201027-020067,0.005741667384151528
20201027-020078,0.009609859868759767
20201027-020094,0.6398374505446888
20201027-020110,0.17416122567438366
20201027-020121,0.8640685025933136
20201027-020136,0.39173293259432945
20201027-020140,0.8061061103484226
20201027-020142,0.8992983178226934
20201027-020144,0.86635462439942
20201027-020151,0.5554509650357903
20201027-020154,0.2334284653168649
20201027-020166,0.00012348834123497321
20201027-020167,0.49414151209139695
20201027-020175,0.75093505126868
20201027-020176,0.26350941402385675
20201027-020177,0.23563617686680557
20201027-020195,0.7172836940276318
20201027-020206,0.0024038555286270513
20201027-020207,1.2943854925382477e-06
20201027-020210,0.1638174549524563
20201027-020211,0.9312897877545242
20201027-020212,0.5499436084037012
20201027-020215,0.6195910053317956
20201027-020220,0.4590292508854036
20201027-020222,0.9128742498059735
20201027-020225,0.5681501042844298
20201027-020228,0.5509378852012051
20201027-020239,0.016550692785454
20201027-020256,0.25147333020936075
20201027-020257,0.9126412979842502
20201027-020261,0.5511102420433487
20201027-020262,0.5727038304278712
20201027-020265,0.9127552568554148
20201027-020266,0.24255912967435367
20201027-020275,0.8099236930930247
20201027-020277,2.44746128735656e-07
20201027-020278,0.010180544092147121
20201027-020280,3.378298071099817e-11
20201027-020297,0.7678605583469781
20201027-020301,0.8625601920868252
20201027-020302,0.023307631406982495
20201027-020307,7.268024613915394e-05
20201027-020309,0.010361442531139997
20201027-020310,0.08691458796355113
20201027-020311,0.9231100846091669
20201027-020314,0.3313654300585822
20201027-020315,0.09325916503450911
20201027-020323,0.014967000855638336
20201027-020326,0.011594715578556326
20201027-020327,0.005466581445136935
20201027-020331,0.036894795999536094
20201027-020332,0.3736921682825272
20201027-030003,0.007526984078914297
20201027-030004,0.7729230022982533
20201027-030005,0.6106767262982509
20201027-030014,0.7197774267034404
20201027-030018,0.025015572490557296
20201027-030019,0.8515569270527615
20201027-030025,0.9149837445964569
20201027-030034,0.9018876047063124
20201027-030035,0.059613211035107624
20201027-030040,0.2788571109254871
20201027-030043,0.9157908428349936
20201027-030048,0.007250112651866812
20201027-030051,0.8293726226900526
20201027-030053,0.7989062660643916
20201027-030056,0.5750666085150253
20201027-030059,0.5946364323794598
20201027-030067,0.04495524483940349
20201027-030072,0.5183944821510882
20201027-030079,0.7168319711280216
20201027-030083,0.013049513359949182
20201027-030085,0.0034023420843734323
20201027-030089,0.0038687290745029043
20201027-030091,0.0014740676507533008
20201027-030108,0.9168987713834029
20201027-030118,0.7881488049479849
20201027-030122,0.01940640157872575
20201027-030123,0.7760442232912603
20201027-030124,0.6460705477290134
20201027-030128,0.05055241360249196
20201027-030133,1.381497163176187e-07
20201027-030138,0.6585606405502453
20201027-030156,0.8930996649586279
20201027-030158,0.33106367784231977
20201027-030159,0.8588870002053671
20201027-030161,0.0016047301074379168
20201027-030172,0.5472498886671717
20201027-030173,0.7151321344987484
20201027-030174,2.0672571001453294e-07
20201027-030179,0.8324679089741436
20201027-030200,0.1351718913675485
20201027-030210,0.7161468556332554
20201027-030220,0.711166958721832
20201027-030224,0.9006776852548021
20201027-030226,0.15981598223857257
20201027-030232,0.9374144667651998
20201027-030244,0.2312797170884983
20201027-030245,0.14067085073262373
20201027-030253,0.7663275142380528
20201027-030256,0.004261312619670295
20201027-030259,0.788414548406926
20201027-040007,0.8946975012391325
20201027-040008,6.324366242730249e-16
20201027-040009,0.001122431149369009
20201027-040013,0.750949831854902
20201027-040017,0.021602599772900695
20201027-040018,0.47582906087428417
20201027-040032,0.0027864621128290117
20201027-040037,0.7232858909217499
20201027-040048,0.40817451799797455
20201027-040054,0.9001088298757125
20201027-040058,0.44627242429210934
20201027-040061,0.0019453801817571974
20201027-040065,0.9288199004424337
20201027-040073,0.9027969287353061
20201027-040079,0.7606201028850103
20201027-040089,0.9145916938663206
20201027-040101,0.8406622493009243
20201027-040106,0.4855303853724729
20201027-040110,0.8014502652964476
20201027-040111,0.007517073274895976
20201027-040118,0.6989461188768614
20201027-040131,0.8653553422282032
20201027-040134,0.00539304749143341
20201027-040136,0.7895112560123919
20201027-040145,0.809411688099136
20201027-040152,0.03555804350251561
20201027-040153,0.6809163786678432
20201027-040160,0.7919549522580784
20201027-040168,0.7517237988470737
20201027-040174,0.8513907216572066
20201027-040179,3.4551344972250327e-07
20201027-040187,0.6933912695880146
20201027-040190,0.4611565286249322
20201027-040191,0.9086649546974038
20201027-040195,0.690554308284905
20201027-040196,0.792635443235073
20201027-040202,0.5944142259643421
20201027-040207,0.0521255252845543
20201027-040208,0.8384222168679197
20201027-040211,0.2552505588134778
20201027-040212,0.7653620864509215
20201027-040217,0.7114096141424351
20201027-040219,0.06989638728770266
20201027-040226,0.0012874845933178928
20201027-040230,0.12217885461233124
20201027-040235,0.003998994828639336
20201027-040240,0.7266760214843152
20201027-050001,0.04222854311901174
20201027-050009,0.7806825709806376
20201027-050012,0.08891237798904819
20201027-050013,0.9412187848619803
20201027-050014,0.6037535500370914
20201027-050015,0.11050512055601622
20201027-050016,0.00871656179614328
20201027-050023,0.7581108624739296
20201027-050028,0.2060963158019356
20201027-050032,0.5741941396565894
20201027-050048,0.9074206783640565
20201027-050054,0.8381801857623009
20201027-050055,0.8135089385897101
20201027-050057,0.1573577461350444
20201027-050058,0.6730376571044295
20201027-050064,0.08336326772062373
20201027-050065,0.3287043056377276
20201027-050072,6.479754408789838e-18
20201027-050074,0.002294638755218457
20201027-050077,0.6370346326707035
20201027-050082,0.7182872407438815
20201027-050084,0.024632909006687402
20201027-050086,0.0721531571006947
20201027-050090,9.231029039215362e-05
20201027-050098,0.8654543875482378
20201027-050100,0.7403926427337982
20201027-050122,0.3683167429236819
20201027-050124,0.9397331669876827
20201027-050126,0.897172707249865
20201027-050127,0.6246438276507614
20201027-050128,0.8134617859421657
20201027-050135,0.7111032392911024
20201027-050138,0.9285792646044045
20201027-050152,0.8414103681136966
20201027-050158,0.9398922017733822
20201027-050159,0.03274931588510469
20201027-050169,0.44413741891531205
20201027-050188,0.6601313716181686
20201027-050192,4.51090148911865e-05
20201027-050193,2.620853831137176e-07
20201027-050194,1.3274840031110754e-07
20201027-050195,0.8339425684926408
20201027-050196,0.0005112362263343717
20201027-050198,0.1566306988342894
20201027-050205,0.7212872502947953
20201027-060002,0.8194306973560561
20201027-060005,0.5522228524818231
20201027-060007,0.9349648183158658
20201027-060012,0.09128034559923366
20201027-060023,0.7825748113134984
20201027-060029,0.18078430956736014
20201027-060034,0.6039112265486262
20201027-060040,0.9006465153230517
20201027-060042,0.6019993610383514
20201027-060044,0.9103173488834266
20201027-060045,0.917466579212195
20201027-060051,0.7986974757304777
20201027-060056,0.023360045347856212
20201027-060057,0.056492153985338335
20201027-060075,0.10854757876816318
20201027-060078,0.5577967575078304
20201027-060080,0.7567669205618192
20201027-060086,0.049782201525925815
20201027-060087,0.9113372900009525
20201027-060089,0.004535772914911965
20201027-060092,0.6082974774704236
20201027-060094,0.001920601534728179
20201027-060096,0.8518994852696489
20201027-060101,0.7772017994927016
20201027-060103,0.008575961568691372
20201027-060104,0.8055688263470289
20201027-060109,0.927955240652232
20201027-060118,0.013331123302901166
20201027-060133,0.4197843996512425
20201027-060135,0.6052444128025826
20201027-060139,4.624473791315423e-06
20201027-060143,0.7597763528290844
20201027-060154,9.463862385607673e-05
20201027-060155,0.00023958721362313465
20201027-060157,0.5627312683993784
20201027-060159,0.8840894807189269
20201027-060187,0.43740134767668304
20201027-060190,0.9511161922138354
20201027-060194,0.9409153397875859
20201027-060195,0.8137350306400584
20201027-060197,0.930755914438158
20201027-060200,0.79203420775949
20201027-060217,0.7661697568189277
20201027-060225,0.8230446557542991
20201027-060229,0.9113400700953868
20201027-060237,0.9038660833307786
20201027-060243,0.03700717244939514
20201027-060244,0.002355148643645628
20201027-060247,0.9252048904469469
20201027-060249,0.7933818124990191
20201027-060253,0.009178850254466152
20201027-060260,0.558623741673108
20201027-060265,0.34767430825986795
20201027-060280,1.946407141930869e-07
20201027-060281,0.5705882346983238
20201027-060285,0.9328932863222702
20201027-060286,0.6691380270064883
20201027-060290,0.9398514442438121
20201027-060293,0.9386466741685849
20201027-060295,0.929607721692247
20201027-060299,0.695304292239081
20201027-060302,0.9382683584830425
20201027-060307,0.9391961680150158
20201027-060308,0.3071876563580376
20201028-010001,0.9565342956093484
20201028-010002,0.8378720516727485
20201028-010006,0.0033630391247753385
20201028-010009,0.9217526239421553
20201028-010010,0.9493099232605253
20201028-010013,0.47282199630139654
20201028-010018,0.02660361734692129
20201028-010023,0.6345162354099992
20201028-010026,0.8858688196277298
20201028-010030,0.2475541293750904
20201028-010034,0.8848694112031668
20201028-010039,0.7331080369237748
20201028-010050,0.9316593295326557
20201028-010053,0.9422425398333447
20201028-010058,0.9505212384905694
20201028-010062,0.9031292748455173
20201028-010067,0.9036210349038337
20201028-010069,0.05686404263991728
20201028-010070,0.31428605633081474
20201028-010075,0.9122321422290189
20201028-010076,0.003696070874497542
20201028-010113,0.5465330577494102
20201028-010125,0.7548946466242783
20201028-010126,0.7836599994092814
20201028-010130,0.41827760848776135
20201028-010133,0.870432011953764
20201028-010136,0.9135330158345033
20201028-010138,0.6784354651149903
20201028-010148,3.083457805376367e-07
20201028-010152,0.02119634580885229
20201028-010157,0.1648759003421278
20201028-010159,0.8064671173726116
20201028-010171,0.7400361536954942
20201028-010182,0.45195918397191304
20201028-010186,0.7858738414824142
20201028-010187,0.2902974062892307
20201028-010194,0.08379748475468086
20201028-020003,0.8616066069843163
20201028-020011,0.002603792407496166
20201028-020014,0.564615006052399
20201028-020035,0.9350109768270956
20201028-020036,1.1094002809640607e-09
20201028-020037,0.1109136594795517
20201028-020043,0.9489344745210074
20201028-020048,0.8968398016638716
20201028-020054,0.6988124862686954
20201028-020060,0.8609345078172592
20201028-020062,0.9322103665065974
20201028-020063,0.9010174744393101
20201028-020066,0.0032206902693501906
20201028-020069,0.9619779802369882
20201028-020071,0.0030818912461702203
20201028-020074,0.9543680309652832
20201028-020076,0.972208662292866
20201028-020080,2.9449100281853082e-05
20201028-020085,0.08094793785973427
20201028-020091,0.9327165624031454
20201028-020092,0.8342323254637795
20201028-020093,0.5683612391400087
20201028-020095,0.8699303825826523
20201028-020098,0.9026492610398443
20201028-020105,0.8444938830252884
20201028-020119,0.4050572068839557
20201028-020130,0.45818818228465286
20201028-020135,0.8932875097802201
20201028-020143,0.09580422229619528
20201028-020146,0.40183771592026896
20201028-020149,0.373661550449856
20201028-020153,1.9597887453993533e-07
20201028-020159,0.3678032394813754
20201028-020182,0.5747283874900655
20201028-020193,0.8510724752216342
20201028-030002,0.469582824040499
20201028-030004,0.928232781793425
20201028-030020,0.0548733685323847
20201028-030029,0.5132510507192162
20201028-030039,0.8054512979970578
20201028-030046,0.8226460752821776
20201028-030048,0.00040667676522627885
20201028-030049,0.942865390212467
20201028-030054,0.03456981709149123
20201028-030060,0.8999723356100973
20201028-030068,0.3764613434021305
20201028-030071,0.8882137951445742
20201028-030108,0.6440003883028236
20201028-030109,0.9043679495654698
20201028-030117,0.8431167122471714
20201028-030120,0.391229993917334
20201028-030122,0.8932993444124706
20201028-030124,0.7605745431381692
20201028-030125,0.6802652769348749
20201028-030127,0.23736629734694792
20201028-030136,0.6952180259056248
20201028-030140,0.15228596708286699
20201028-030141,0.8664614431343588
20201028-030144,0.8629320688848655
20201028-030148,0.4602343646547393
20201028-030160,0.0004968033410226974
20201028-030163,0.0074027430349574335
20201028-030167,0.5480778679292992
20201028-030173,0.4713528216523443
20201028-030177,0.9237917042287902
20201028-030179,0.03909155323446428
20201028-040002,0.18522659768752306
20201028-040006,0.06736648457964009
20201028-040007,0.04484403681662647
20201028-040011,0.08101711882078133
20201028-040015,0.7614673542035872
20201028-040019,0.1383007460857753
20201028-040024,0.522180649227197
20201028-040041,0.9511364090818774
20201028-040043,0.9339618383882105
20201028-040049,0.017566377146800188
20201028-040050,0.8990469825510915
20201028-040052,0.35460928207883213
20201028-040053,0.4871319844292557
20201028-040054,0.6764355565836525
20201028-040061,0.896731538872364
20201028-040065,0.8890393587816569
20201028-040066,0.7720865412861396
20201028-040070,0.9206873819154298
20201028-040078,0.3007404156851231
20201028-040089,0.16096572169187054
20201028-040092,0.3308734758700455
20201028-040095,0.6486189294467049
20201028-040097,0.20136438417532967
20201028-040126,0.7594587760530722
20201028-040131,0.016516034928271278
20201028-040132,0.0036492003169107195
20201028-040133,0.7355936298331146
20201028-040137,0.900936818683334
20201028-040138,0.8456917353413396
20201028-040139,0.7294301656380564
20201028-040144,0.8582890522481847
20201028-040150,0.8451041475106195
20201028-040160,0.7813158613213917
20201028-050007,0.7680340079933563
20201028-050009,0.48002119334550997
20201028-050010,0.8427330906059322
20201028-050013,0.0007299710771091929
20201028-050014,0.02144444933251228
20201028-050018,0.5370500678091796
20201028-050019,0.9048889869728747
20201028-050020,0.884414588520176
20201028-050023,9.71093387588676e-07
20201028-050038,0.8658736329227295
20201028-050041,2.712039869925297e-07
20201028-050046,0.005508659944158348
20201028-050047,0.8617229246038276
20201028-050059,0.017766649076581438
20201028-050065,0.8497946771323196
20201028-050069,0.10859910703725276
20201028-050074,0.3261592257982893
20201028-050078,0.5802263512517816
20201028-050081,0.028891245004440805
20201028-050082,0.7235681677615877
20201028-050088,0.8333260388036167
20201028-050095,0.7177097204014798
20201028-050097,0.5892769731977342
20201028-050098,0.0004317814004222021
20201028-050102,0.5622730378187435
20201028-050105,0.883686526189782
20201028-050113,8.622694745925928e-08
20201028-050115,0.9358461352407595
20201028-050117,0.8438140935930953
20201028-050123,1.0641992261425686e-08
20201028-050131,0.8479346462610667
20201028-050138,0.013712270467776974
20201028-050147,0.2776311539118099
20201028-050148,0.9287923250032198
20201028-050153,0.027882029788076374
20201028-050157,0.86787682322817
20201028-050158,0.00402222951042452
20201028-050161,0.875459588397471
20201028-050168,0.8706839378350001
20201028-050175,0.6986891306649886
20201028-050197,0.9288743777006756
20201028-050199,0.024429735307068774
20201028-060013,0.8355981123281906
20201028-060019,0.9302825003979059
20201028-060021,0.9622494071570673
20201028-060023,0.6680938303635039
20201028-060028,0.7884674163144069
20201028-060040,0.8577163583787192
20201028-060041,0.002123925733830172
20201028-060053,0.8859306342218104
20201028-060056,0.9342674198641803
20201028-060058,0.10936496911315546
20201028-060060,0.9101167115356342
20201028-060071,0.2503355711839974
20201028-060075,9.082190644812841e-12
20201028-060077,0.31245453355031655
20201028-060079,0.8911891566507386
20201028-060098,0.7937352481238477
20201028-060101,0.2913041695387085
20201028-060107,0.004019109988015403
20201028-060108,0.14794978563212927
20201028-060109,0.07127827074792048
20201028-060120,8.942022861141764e-08
20201028-060126,0.9360883262137746
20201028-060148,0.9428390986884073
20201028-060150,0.08666203119823367
20201028-060153,0.61183665226463
20201028-060156,1.3240889475580653e-19
20201028-060163,0.8617956958639341
20201028-060170,0.4643978049757659
20201028-060173,0.5194802412471402
20201028-060190,0.006791336985586786
20201028-060193,0.009357941104675872
20201028-060195,0.9002696170045961
20201028-060197,0.5955161407142426
20201028-070003,0.7314625271781634
20201028-070006,0.871944502303831
20201028-070012,0.0003995782682062603
20201028-070015,4.069838932547312e-05
20201028-070017,0.6725639969877859
20201028-070023,0.9541805118568075
20201028-070032,0.9078048329712404
20201028-070034,0.5523357094643362
20201028-070035,0.5753347124505025
20201028-070042,0.4530049115705138
20201028-070044,0.9096300241978288
20201028-070046,0.6479565232555592
20201028-070053,0.0022860515573389544
20201028-070062,0.930791315893094
20201028-070065,0.0007170927708529485
20201028-070070,0.8277837917072489
20201028-070084,0.9016887945957753
20201028-070086,0.7053824101591287
20201028-070089,0.4284941579439376
20201028-070093,0.5247575483306585
20201028-070096,0.9444856466730792
20201028-070110,0.27059207012278935
20201028-070112,0.8753358133222279
20201028-070118,0.8315725113773847
20201028-070121,0.6501358970775603
20201028-070125,0.09786876837340502
20201028-070129,0.8568632256222404
20201028-070133,0.69061987124881
20201028-070151,0.5813989907289977
20201028-070153,0.62708727961015
20201028-070159,0.7241666376863966
20201028-070165,0.5208060830580646
20201028-070169,0.9492501575905476
20201028-070174,0.06462697150050743
20201028-070175,0.5372306476016442
20201028-070181,0.890385764512608
20201028-070186,0.8905341710174942
20201028-070191,0.9067740757668713
20201028-070193,0.8468895297923819
20201028-070196,0.35562076051860925
20201028-070205,0.8644603750926263
20201028-070214,0.8962641692695541
20201028-070221,0.8970960399378458
20201028-070223,0.9332811372793366
20201029-010002,0.9155136063241003
20201029-010004,0.6864059794154619
20201029-010006,0.9287729074435201
20201029-010009,0.9286327113624655
20201029-010015,0.03664864658731703
20201029-010022,0.9438653088837955
20201029-010029,0.19687009913317208
20201029-010030,0.7824056033424395
20201029-010031,0.9207088749963466
20201029-010035,0.9240768887325286
20201029-010040,0.9492999942851558
20201029-010047,0.27308322170401655
20201029-010060,0.0005090851479549853
20201029-010064,0.5398150387065553
20201029-010065,0.02644770046507686
20201029-010066,0.35641911159001766
20201029-010073,0.00016776970943389156
20201029-010074,0.7931319865874328
20201029-010082,0.14419218628965766
20201029-010086,0.13559403404941714
20201029-010094,0.9098371134737417
20201029-010098,0.8224249091981339
20201029-010102,0.9039579999281682
20201029-010113,0.41211628918766235
20201029-010117,0.7636039540085681
20201029-010123,0.9119591652424527
20201029-010135,0.831798561559889
20201029-010136,0.881326412603964
20201029-010140,0.9419962485345684
20201029-010142,0.0026558548571802756
20201029-010144,0.8656939985856529
20201029-010149,0.5472700718670764
20201029-010153,0.6679259856462465
20201029-010156,0.8335146023713954
20201029-010166,0.4929287003333857
20201029-010170,0.0016450330401951852
20201029-010178,0.8452273099447061
20201029-010180,0.033430318084644244
20201029-010194,0.9499938072963108
20201029-020003,0.0027924980055179767
20201029-020007,0.14845332457993188
20201029-020009,0.9041140340204713
20201029-020016,0.7452929989492357
20201029-020023,0.13408092249965467
20201029-020026,0.3776597970622119
20201029-020027,0.20993566069209793
20201029-020030,8.902676213342378e-07
20201029-020050,0.8718079759925118
20201029-020052,0.7205312732441376
20201029-020060,0.8076070404326002
20201029-020065,0.9406183340139076
20201029-020078,0.9558978108725023
20201029-020092,0.549922696430881
20201029-020094,0.0080273825515025
20201029-020097,0.3670318344215501
20201029-020100,0.8791630486272005
20201029-020101,0.07824022607229209
20201029-020116,0.05249356390542524
20201029-020119,0.9206602994624489
20201029-020141,0.00013387573039897103
20201029-020147,0.9464214106270181
20201029-020152,0.725130280940979
20201029-020168,0.034481398578543015
20201029-020182,0.4556372498074586
20201029-020183,0.024344284825823088
20201029-020187,0.2396468645792526
20201029-030004,0.799095004677887
20201029-030025,0.727324938213102
20201029-030028,0.9080685276350059
20201029-030033,0.0007163597618539552
20201029-030035,0.6559683504742471
20201029-030037,0.8344275566405329
20201029-030048,0.8591274081687891
20201029-030049,0.015445092963141267
20201029-030050,0.09126838015046669
20201029-030056,1.139732174676057e-11
20201029-030057,0.9483824203158693
20201029-030059,8.987111621991481e-10
20201029-030061,0.9407746960834458
20201029-030067,0.8105489427645503
20201029-030072,0.4891210811455692
20201029-030074,6.234085203722417e-05
20201029-030076,0.8635793570815827
20201029-030079,0.11902151346676111
20201029-030084,0.12722699873447105
20201029-030085,0.6154231595180472
20201029-030091,0.014333589039876256
20201029-030092,0.4600946616848864
20201029-030094,0.6162293637324847
20201029-030095,0.41591448738975106
20201029-030100,0.6236653591910863
20201029-030102,0.9039349872177949
20201029-030114,0.7298084522664009
20201029-030118,0.21931252871556411
20201029-030126,0.9438203444220111
20201029-030127,0.15316241141599252
20201029-030131,0.25760773217077776
20201029-030135,0.48695336117328475
20201029-030140,0.7088157892622573
20201029-030142,0.20914542170861716
20201029-030145,0.788280608042569
20201029-030146,0.8825636987463155
20201029-030148,0.024698609673835997
20201029-030151,0.8835921833387202
20201029-030152,0.9027790169149063
20201029-030162,4.402349484581757e-06
20201029-030164,0.861642945159933
20201029-030165,0.7940390434055506
20201029-030167,0.7940124270896133
20201029-030171,0.9415674675351992
20201029-030172,0.32641559639792733
20201029-030178,0.9487918930639296
20201029-030179,1.856542500707118e-16
20201029-030188,0.74363060899352
20201029-030189,0.9045399866627754
20201029-030192,1.5076776338590035e-07
20201029-030195,0.4577870274040631
20201029-030198,0.3474267196281751
20201029-030199,0.9299599446096202
20201029-030200,0.13709725450537666
20201029-030201,1.7511658852975614e-05
20201029-030202,0.13501169531982643
20201029-030204,0.7459309166820827
20201029-040001,0.24886081916062694
20201029-040003,0.34360131676564487
20201029-040007,0.348376141786463
20201029-040008,0.010738870930460366
20201029-040010,0.011103159991030634
20201029-040027,0.8192283108676691
20201029-040035,0.9133136251132017
20201029-040037,0.8549534978791866
20201029-040038,0.889447825810846
20201029-040047,0.7653845167571692
20201029-040053,0.8442883741730232
20201029-040056,0.40822062297306033
20201029-040057,0.09130269231384866
20201029-040068,0.010602515825734649
20201029-040079,0.8771423375759914
20201029-040080,0.8323935552534164
20201029-040083,0.2543467451988982
20201029-040085,0.3785178057051059
20201029-040090,0.0040830324791555316
20201029-040093,0.7120680833922652
20201029-040101,0.19864247306717944
20201029-040103,0.6191810865742944
20201029-040108,0.7938447918017376
20201029-040113,0.6685196489629331
20201029-040115,0.19794970495123113
20201029-040119,0.8543182782664519
20201029-040120,0.8732699462856054
20201029-040122,0.48240510466142683
20201029-040123,3.888069653323954e-06
20201029-040128,0.7519020586543915
20201029-040129,0.8183532150034362
20201029-040132,1.486984547371211e-10
20201029-040136,0.8660026463424277
20201029-040139,0.005632781854100668
20201029-040141,0.0019124055925411427
20201029-040143,0.0002652113348822435
20201029-040144,0.035664991619930884
20201029-040149,0.010680778471941033
20201029-040157,1.2821169225316018e-16
20201029-040158,2.787077579165927e-17
20201029-040161,0.8227903719850087
20201029-040162,0.8982526178437606
20201029-040164,0.8861987031369214
20201029-040166,0.1945212038788442
20201029-040170,0.9410034640335875
20201029-040182,0.418773473167478
20201029-050005,0.7233826511235557
20201029-050013,0.11456459387309631
20201029-050018,0.8637400256896659
20201029-050021,0.27925622243786313
20201029-050023,0.050991105655000035
20201029-050025,0.020880629783741275
20201029-050027,0.06391042371941882
20201029-050038,0.11343926135655359
20201029-050040,0.020747964948452942
20201029-050051,0.8963476190623222
20201029-050054,0.7495112003561178
20201029-050059,1.876703121330225e-11
20201029-050061,0.1681322307833121
20201029-050064,0.7689393800085005
20201029-050069,0.38105656335531557
20201029-050071,0.7496693208755814
20201029-050086,3.929720267383386e-06
20201029-050091,0.07518684276135115
20201029-050094,0.8929866271373231
20201029-050099,0.9407224029062083
20201029-050102,0.9324000270471361
20201029-050106,0.07464865011270627
20201029-050107,0.7750356398390279
20201029-050108,0.903957610413023
20201029-050110,0.9030853889121573
20201029-050114,0.0005896548542194962
20201029-050121,0.5427104222351316
20201029-050129,5.204526186972617e-05
20201029-050130,0.9215583055765801
20201029-050131,0.0508257882649923
20201029-050133,0.9376625647491187
20201029-050140,0.6526136411088502
20201029-050150,0.006469213345850934
20201029-050175,0.7349361301630702
20201029-050179,0.9296872537646754
20201029-050191,0.7567230279753404
20201029-050198,0.8760514577698564
20201029-050199,0.876966501269777
20201029-060001,0.39296268059893874
20201029-060002,0.4860862242357498
20201029-060007,0.22155552800227654
20201029-060008,0.5511637426572906
20201029-060012,0.3184946422554776
20201029-060013,0.2139475943508836
20201029-060016,0.9306411707181383
20201029-060017,0.5367454288188085
20201029-060020,0.8788971916891066
20201029-060032,1.3055368084308028e-05
20201029-060036,0.8638869278209955
20201029-060042,0.0004718035396223087
20201029-060043,0.8951056479910237
20201029-060050,0.6788427149079304
20201029-060052,0.6385029867531418
20201029-060054,0.8632012891606373
20201029-060055,0.6416607479657053
20201029-060063,0.16987908688157943
20201029-060066,0.9348389890020057
20201029-060067,0.0006333825226407014
20201029-060068,0.024155173010292665
20201029-060075,0.8543622566537808
20201029-060076,0.01675445923539505
20201029-060079,0.8263438446394012
20201029-060081,0.5240367534561289
20201029-060090,0.8844416118331567
20201029-060092,0.8266322534569793
20201029-060095,0.8558244372788899
20201029-060103,0.12117668815267474
20201029-060107,0.8752049007180569
20201029-060111,0.5104251038017793
20201029-060112,0.11703935728374412
20201029-060113,0.926662981430054
20201029-060115,0.09024518454767787
20201029-060118,0.41994232223754757
20201029-060122,0.8076533852622267
20201029-060128,0.008656197171673565
20201029-060132,0.8737523492774983
20201029-060134,0.8247575627992028
20201029-060147,0.9271855729051306
20201029-060148,0.13536927775614926
20201029-060157,0.4246046214606026
20201029-060159,0.09152202486575566
20201029-060162,0.5634552828296815
20201029-060166,0.8898244131588258
20201029-060171,0.40725352698141076
20201029-060178,0.882214391721195
20201029-060183,0.8243495385430653
20201029-060191,0.8477632732913994
20201029-060193,0.17035923937233047
20201029-060194,0.8376865357753146
20201029-060198,0.017913411899442417
20201029-070002,0.8539225545221281
20201029-070014,8.392927690861223e-08
20201029-070016,0.8891911480735368
20201029-070023,0.25255818889445014
20201029-070026,0.9300502668437954
20201029-070027,0.904756205873156
20201029-070028,0.9433129897770264
20201029-070029,0.22397797700277375
20201029-070031,0.6682439237185112
20201029-070035,0.8813934337569908
20201029-070037,0.0906259673066677
20201029-070038,0.6573517402477783
20201029-070043,0.664142701314798
20201029-070044,0.7375652449582351
20201029-070048,0.1360705605524482
20201029-070049,0.21856855078855644
20201029-070059,0.002966073779106057
20201029-070061,0.6913506993246434
20201029-070064,0.6227854069708569
20201029-070068,0.9116358762418798
20201029-070069,0.001975168310148998
20201029-070071,0.46739590013990284
20201029-070073,8.951442035231184e-08
20201029-070082,0.8539072087463776
20201029-070086,0.8223502816242844
20201029-070087,0.8525786636966736
20201029-070092,0.0005059769422707922
20201029-070097,0.24209282462400292
20201029-070109,0.05615893734531683
20201029-070113,0.7437211063348542
20201029-070118,0.8806128300156866
20201029-070120,0.8065845655234217
20201029-070123,0.8219238014862335
20201029-070129,0.6394371715246832
20201029-070130,0.8823871449718806
20201029-070134,0.895321939369501
20201029-070139,0.6801319430956476
20201029-070143,0.5905661865423429
20201029-070153,0.7618552895395325
20201029-070165,0.4646497051054984
20201029-070174,0.001202154805980547
20201029-070178,0.9342458707749843
20201029-070191,0.6940910462162557
20201029-070197,0.850770487643646
20201029-070202,0.7646776265495091
20201029-070203,0.7555255036109201
20201029-070211,0.7806503836732143
20201030-010001,0.9030133496619759
20201030-010003,0.92562576276966
20201030-010005,0.9439172454469166
20201030-010007,0.8963921155150254
20201030-010014,0.9264016346347934
20201030-010016,0.008998701612650902
20201030-010021,0.001922027498717114
20201030-010022,0.8880806422093889
20201030-010024,0.0012504049030260863
20201030-010025,0.9252271156945133
20201030-010026,0.9554377502249153
20201030-010028,0.7919469860690104
20201030-010030,0.750310686201512
20201030-010038,0.9635596621615075
20201030-010041,0.007461255663844804
20201030-010051,0.7502909261968939
20201030-010053,0.01492872137218291
20201030-010054,0.012138438884439714
20201030-010060,0.9372905772666873
20201030-010067,0.9209030694480929
20201030-010075,4.679702360740076e-05
20201030-010076,0.9221070475294169
20201030-010086,0.9374437568863921
20201030-010090,0.1671071130933522
20201030-010092,0.9252642546578773
20201030-010106,0.7057754261481075
20201030-010109,0.9312940325721235
20201030-010110,0.8447678785937699
20201030-010113,0.2121126751691526
20201030-010124,0.04612722159207612
20201030-010125,0.799185599201508
20201030-010131,0.9322064999744547
20201030-010132,0.14732814697511423
20201030-010138,0.8398526895991191
20201030-010153,0.0066734042969490695
20201030-010156,0.012964673121333776
20201030-010162,0.9158685154427182
20201030-010166,0.004753582277753305
20201030-010167,0.00540119247506324
20201030-010168,0.003847699141645901
20201030-010178,0.9439301851518748
20201030-010182,0.9314509795059316
20201030-010186,0.832655540574599
20201030-010194,0.0198681822444049
20201030-010205,0.6284175276048787
20201030-010208,0.8982785421183526
20201030-010213,0.00012831867976124291
20201030-010215,0.0002801493991757165
20201030-010225,0.18889931626884426
20201030-010229,0.2941335033188609
20201030-010231,0.013457610317396623
20201030-010239,0.37902621463931524
20201030-010245,0.07102190166573322
20201030-020002,0.9294926195330615
20201030-020008,0.012850836544936383
20201030-020017,0.8025817759960114
20201030-020018,0.9249961087941806
20201030-020024,0.06465633804406927
20201030-020028,0.009007872702028547
20201030-020034,0.10771230389870431
20201030-020040,0.7944004923167037
20201030-020044,0.8108198394969897
20201030-020056,0.18978641773278343
20201030-020059,0.0056172599412189
20201030-020060,0.012763070572045957
20201030-020061,0.7085180197205895
20201030-020065,0.03975481058225884
20201030-020067,0.8742697372136631
20201030-020073,0.8858799622775085
20201030-020074,0.5305914872285016
20201030-020077,0.29512102738286144
20201030-020082,0.746878892368461
20201030-020100,0.09048560359561868
20201030-020102,0.9033730624114847
20201030-020103,0.0007425876217911991
20201030-020105,0.938247563177537
20201030-020107,0.9431103839469843
20201030-020109,0.9356140855472264
20201030-020111,0.8793638450055853
20201030-020113,0.7809544079565681
20201030-020131,0.725295950847964
20201030-020136,0.8290876676445179
20201030-020149,0.001587593337574404
20201030-020151,0.7557791717660798
20201030-020159,0.935968125517854
20201030-020169,0.06205334578207941
20201030-020174,0.6044930587281364
20201030-020179,0.5655994985128081
20201030-020184,0.5734981360932219
20201030-020192,0.09361284333999179
20201030-020195,4.256919657414927e-06
20201030-020200,0.46166350932569844
20201030-020206,0.5953929562015258
20201030-030002,0.432387532691658
20201030-030012,0.06342188437369607
20201030-030017,0.6808752057999792
20201030-030018,0.14783485419474482
20201030-030020,0.24686608305624558
20201030-030027,0.8929683188900991
20201030-030030,0.9324279192812476
20201030-030035,0.015264451390193192
20201030-030040,0.007081598167024371
20201030-030042,0.27055436030363916
20201030-030047,0.8898723322332517
20201030-030049,0.04308127056841786
20201030-030060,0.2159694067918696
20201030-030071,0.02263142725470794
20201030-030079,0.00016334704390825688
20201030-030088,0.14312053810407813
20201030-030089,0.8864412737387583
20201030-030093,0.8644426870814181
20201030-030095,0.9423600855326509
20201030-030104,0.852692674626781
20201030-030111,0.9217651137182685
20201030-030122,0.0008547382397104919
20201030-030126,0.8694433326209815
20201030-030127,0.8187097515007626
20201030-030130,0.004749370655288309
20201030-030133,0.8753015658800324
20201030-030139,0.005335964773780736
20201030-030145,0.739004094232769
20201030-030146,0.5895995733854374
20201030-030152,0.7873870362647871
20201030-030157,0.868475320803292
20201030-030159,0.9118270514110132
20201030-030161,0.003991353648565373
20201030-030166,0.012647637488507488
20201030-030169,0.37592179575724977
20201030-030175,0.0024932142115729286
20201030-030187,0.2809044751428985
20201030-030190,0.9323077065642849
20201030-030193,0.011645483451954899
20201030-030197,0.31879172938412725
20201030-030200,0.2996388378681472
20201030-030204,0.8912523163395157
20201030-030208,0.005903064946348917
20201030-030213,0.2304447926438493
20201030-030214,1.842364272120333e-05
20201030-030219,0.7511307049275607
20201030-040004,0.9012170759303896
20201030-040027,0.090219585416991
20201030-040030,0.024415125209360955
20201030-040032,0.8532103396186265
20201030-040033,0.00660962539892656
20201030-040041,0.5608157436670552
20201030-040045,0.11393522070770722
20201030-040049,0.34530054086181305
20201030-040053,0.858259816218495
20201030-040055,0.018407190037106617
20201030-040060,0.9245154721133055
20201030-040064,0.5217091762049307
20201030-040067,0.9081182936487281
20201030-040071,0.03519991157188804
20201030-040074,0.9379155942644268
20201030-040076,0.8614065067317825
20201030-040078,0.9101868972129524
20201030-040079,0.14429121037643752
20201030-040080,0.9482966091336608
20201030-040093,1.509852987377331e-05
20201030-040103,0.9162853454676662
20201030-040105,0.3192350470437208
20201030-040107,0.8596606268634737
20201030-040109,0.4996182577184816
20201030-040114,3.534249236618588e-05
20201030-040126,0.19737191714861918
20201030-040127,0.6849916582649581
20201030-040128,0.6521360569562659
20201030-040129,0.18073388614268873
20201030-040130,0.7531673996877705
20201030-040132,0.839465927389381
20201030-040140,0.9149135529674656
20201030-040152,0.8857024572604241
20201030-040155,0.0007593198321073138
20201030-040158,0.9440967123734759
20201030-040173,0.8354326899995426
20201030-040179,0.761615144105006
20201030-040182,0.9106728968709434
20201030-040191,0.5038674824764311
20201030-040196,0.04308082530738127
20201030-040208,0.9053605719887505
20201030-040215,0.0010707070276963218
20201030-050003,0.02467175077950819
20201030-050004,0.12599693157271707
20201030-050007,0.8187480691686658
20201030-050018,0.42709759965251287
20201030-050020,0.9119437539542274
20201030-050022,0.05949042014708156
20201030-050024,0.6025883883164116
20201030-050032,0.00011221325233315962
20201030-050035,0.1792297097972192
20201030-050038,0.7706727250292721
20201030-050041,0.0031313994556639926
20201030-050048,0.8521020737555461
20201030-050055,0.8855012199591478
20201030-050056,0.7896740129562676
20201030-050061,0.007093053256040429
20201030-050062,0.16889289039408611
20201030-050065,0.5733273823573838
20201030-050077,0.839465927389381
20201030-050078,0.6551611052327375
20201030-050082,1.3509863368034367e-08
20201030-050093,9.693919782887544e-08
20201030-050095,0.9532346516693881
20201030-050103,0.8973305078093532
20201030-050106,7.587087654631005e-07
20201030-050115,0.8921415586772492
20201030-050120,0.2575610540546245
20201030-050124,0.643256454520473
20201030-050125,0.2838217038135133
20201030-050139,0.01834686927781421
20201030-050140,0.9054901235716495
20201030-050144,0.8884577760414805
20201030-050145,0.004249520009298705
20201030-050158,0.8347475193443316
20201030-050166,0.8510381308639071
20201030-050167,0.00011106881329276416
20201030-050179,0.24290434554142024
20201030-050180,0.0053681151052208794
20201030-050183,0.034422216730831796
20201030-050185,0.9504171115985346
20201030-050197,0.025368441245884853
20201030-050204,0.9582434592138988
20201030-050205,0.8690757571820587
20201030-050206,0.10770046701334292
20201030-050207,0.07733448804425862
20201030-050220,0.8611047348721869
20201030-050222,0.7818107397669394
20201030-050235,0.43366602008540694
20201030-050239,0.7869926661081623
20201030-060002,0.47284722521917905
20201030-060011,0.0033158154363066555
20201030-060012,0.00410158345523619
20201030-060016,0.21872054658484297
20201030-060028,0.07790721577852532
20201030-060030,0.01957055429133844
20201030-060033,0.02634879019331935
20201030-060039,0.9127976852082418
20201030-060043,0.001354271245206282
20201030-060062,0.38430991357074423
20201030-060063,0.9466974627973175
20201030-060064,0.8341429999615522
20201030-060071,3.7679955131291943e-07
20201030-060076,0.8507993245876699
20201030-060078,0.9465453409024057
20201030-060082,0.4275556435418776
20201030-060085,0.9042656798782301
20201030-060090,0.3614824143627632
20201030-060092,0.16191928699910674
20201030-060093,0.8705744120873563
20201030-060097,0.8181121553701219
20201030-060103,0.8445584022365791
20201030-060105,0.02486375113885136
20201030-060112,0.07820136922366819
20201030-060119,0.40032993475832107
20201030-060124,0.6179335251512926
20201030-060135,0.938756424495209
20201030-060147,0.7734379737072924
20201030-060160,0.8425682728090844
20201030-060165,0.8582400340954857
20201030-060168,0.1489485397159874
20201030-060170,0.9389538786793872
20201030-060171,0.7871139180701452
20201030-060175,0.5705483646328479
20201030-060176,0.3614999652380556
20201030-060188,0.9335885875348587
20201030-060190,0.922682700521546
20201030-060202,0.8800918473872685
20201030-060203,0.9368339126900398
20201030-060206,0.940604818403459
20201030-060213,0.955041897343808
20201030-060215,0.0007181923178102448
20201030-060221,0.011413691018712967
20201030-060222,0.9496962444030161
20201030-070006,0.8586648901874203
20201030-070007,0.8123039694491836
20201030-070015,0.2139204647488703
20201030-070024,0.8652535417590753
20201030-070026,0.002957249018921088
20201030-070029,0.8769819080660536
20201030-070034,0.3435191321807631
20201030-070035,0.38988343197138714
20201030-070045,0.8707071144786166
20201030-070057,0.9089030447349647
20201030-070058,6.348719609016332e-05
20201030-070059,0.0003905970963368303
20201030-070064,0.9180519669518978
20201030-070065,0.4678450101086711
20201030-070069,0.19186119944128172
20201030-070074,0.7218522150253582
20201030-070075,0.7708009779585083
20201030-070076,0.22243665812524877
20201030-070081,0.14782732534457288
20201030-070089,0.7116548737079305
20201030-070106,0.18163675453051864
20201030-070107,0.00042821401190532173
20201030-070112,0.19247856346863348
20201030-070116,0.14843863415785688
20201030-070133,0.8488375557424075
20201030-070138,0.9495452894323445
20201030-070148,0.8420791839668874
20201030-070168,0.7190249817032915
20201030-070170,0.15185090296084108
20201030-070171,0.02409152332199362
20201030-070181,0.8581260037130118
20201030-070187,0.7838768053728639
20201030-070189,0.9434121993639909
20201030-070194,0.9201134643655534
20201030-070204,0.27305758328934776
20201030-070207,0.3416517982178808
20201030-070210,0.8838324940519054
20201030-070211,0.3970076287660839
20201030-070218,0.5490809920367486
20201030-070219,0.6179256316156537
20201030-070226,0.8211404599071978
20201030-070227,0.9235641767967558
20201030-070231,0.6773059977731453
20201030-070232,0.9467689942694205
20201030-070237,0.6451759767756016
20201030-070248,0.6540146292611124
20201030-070256,0.9383761771851453
20201030-070266,0.9492028599344704
20201030-070267,0.9177992539809233
20201030-070271,0.8804470496937759
20201030-070273,0.0008969522520761769
20201030-070280,1.9616101393557924e-05
20201030-070281,0.9101862050680339
20201030-070283,0.9452490257570303
20201030-070285,0.9552712476250146
20201030-070296,0.5637591767761263
20201031-010001,0.8778647379114883
20201031-010004,0.015251974150246178
20201031-010008,0.9424271419432692
20201031-010010,0.666549563450845
20201031-010011,0.931340596629801
20201031-010018,0.020053508303975672
20201031-010021,0.8459294819395051
20201031-010025,0.905804154081873
20201031-010029,0.9634048928572053
20201031-010034,0.053257322187010105
20201031-010040,0.910778424999504
20201031-010047,0.944744394914218
20201031-010050,0.00039512493164047495
20201031-010065,0.5484194914967149
20201031-010066,0.5480880961693961
20201031-010086,0.717464257496155
20201031-010095,0.5471359475082621
20201031-010102,0.024309159899872645
20201031-010104,1.4059556989625344e-07
20201031-010112,0.018657659666713546
20201031-010118,0.7355435760370572
20201031-010119,0.9134532216957049
20201031-010126,3.3490284016532738e-06
20201031-010127,4.123359299831733e-06
20201031-010128,0.213133679498526
20201031-010129,0.9214238645364475
20201031-010130,0.22312604685252202
20201031-010132,0.2576149835881764
20201031-010140,0.21937241047347655
20201031-010142,0.653324669977259
20201031-010145,0.7931662487611595
20201031-010149,0.9023890624788266
20201031-010153,0.8947582194683616
20201031-010157,0.9249528414546733
20201031-010159,0.011481466816987125
20201031-010166,0.7936955395794782
20201031-010168,0.6338548964855832
20201031-010186,0.6011248751398195
20201031-010188,0.26678743606742505
20201031-010189,0.8217558862616465
20201031-010194,0.6942360413260819
20201031-010198,0.9344277080704926
20201031-010200,0.3955984596135444
20201031-010202,0.024946719217225
20201031-010203,0.04480675901338112
20201031-010216,0.00035015968581778305
20201031-010218,0.005150827737409742
20201031-010220,0.43451778695744286
20201031-010222,1.1796029552097689e-05
20201031-010225,0.7203190103093317
20201031-010230,0.22386583989118788
20201031-020002,0.09671162463969421
20201031-020009,0.7893233622786183
20201031-020012,0.7280679749152745
20201031-020017,0.000719860517045583
20201031-020018,8.231962476030823e-06
20201031-020030,0.026686448805243436
20201031-020035,0.166145766348483
20201031-020043,0.8374679780299666
20201031-020047,0.9244852013899492
20201031-020054,0.6832301429645465
20201031-020056,0.9192943774387496
20201031-020058,0.784295725908267
20201031-020060,0.90185975457246
20201031-020062,0.007159850047776754
20201031-020069,0.25670844301499174
20201031-020078,0.07951160150185556
20201031-020084,0.17744063437965565
20201031-020087,3.159176522614848e-05
20201031-020090,0.5691481162312323
20201031-020093,4.7636309999651765e-05
20201031-020094,0.050811172441786755
20201031-020108,0.9152930975225226
20201031-020116,0.04917414153812746
20201031-020119,0.9314877074196212
20201031-020133,0.023490628295469343
20201031-020138,0.034296777849934554
20201031-020146,0.7950091896129665
20201031-020149,0.45151539005486546
20201031-020154,0.1481562779455891
20201031-020157,0.8556794033339437
20201031-020161,0.008244989761730442
20201031-020169,0.3943815560344024
20201031-020175,0.9442288974791949
20201031-020176,0.7190428302439268
20201031-020180,0.7325342920442907
20201031-020196,0.008360621212549898
20201031-020197,0.0015702426178640717
20201031-020200,0.20082147361500163
20201031-020201,0.11758644051295856
20201031-020211,1.850025229241937e-05
20201031-020217,0.7036712883304542
20201031-020219,0.8913166752918883
20201031-020220,0.618607045379363
20201031-020227,0.7586276686686805
20201031-020232,0.8990560788683226
20201031-020234,0.1368789370431713
20201031-020240,9.308044514131943e-06
20201031-020241,0.026682733916061758
20201031-020244,0.8071280561515947
20201031-020249,0.0003870044260995072
20201031-020252,0.00020338640412582602
20201031-020254,0.02610954257393715
20201031-020256,5.5022945514067156e-05
20201031-020257,0.3776160720901295
20201031-020268,0.2204941339751911
20201031-020269,0.2560971099324799
20201031-020270,0.9446161072927985
20201031-020274,0.35250843224858386
20201031-020279,0.000642474212523106
20201031-020281,0.04362555260997876
20201031-020285,0.9143956839697442
20201031-020295,0.7723892627014305
20201031-020297,0.5256804660152216
20201031-020301,0.6708569807773617
20201031-030002,2.978881560999082e-08
20201031-030004,0.9482063025295979
20201031-030013,0.07310106134579232
20201031-030014,0.014822715723703627
20201031-030015,0.004237152199313591
20201031-030021,0.7125608503381342
20201031-030025,0.09780811794454768
20201031-030029,0.19396566362841713
20201031-030039,0.19942461129303798
20201031-030040,0.6300237583748014
20201031-030054,0.23785917445579083
20201031-030057,0.5113273370899188
20201031-030062,0.03394059116570206
20201031-030068,0.8277391538594898
20201031-030069,0.011039656353507035
20201031-030076,0.0031174601548047496
20201031-030081,0.00016286448198536558
20201031-030084,0.004813753625295094
20201031-030093,0.8694450593225918
20201031-030095,0.7433810979878147
20201031-030103,0.8436628930987021
20201031-030108,0.1471857351815338
20201031-030109,0.9114462970964252
20201031-030115,0.9084905746086059
20201031-030120,0.9342298229396141
20201031-030130,0.5487219206815889
20201031-030133,0.9434179215259885
20201031-030144,3.4626528712870046e-06
20201031-030146,0.181805114627881
20201031-030147,0.010747252614729039
20201031-030148,0.5725707006942818
20201031-030153,0.8057874706352711
20201031-030161,0.000209290688012508
20201031-030162,0.07316301417066037
20201031-030173,0.881203613860303
20201031-030177,0.7114683790022907
20201031-030184,0.8186192086501908
20201031-030187,0.8564397295753907
20201031-030194,0.4178757233621006
20201031-030195,0.4368213880550156
20201031-030198,0.9204656285246748
20201031-030209,0.886348180611661
20201031-030212,0.7938501728695483
20201031-030217,0.6977465820161846
20201031-030229,0.08142301526636034
20201031-030232,2.4850730160833524e-06
20201031-030235,5.935692400174836e-07
20201031-030236,9.459086263292183e-06
20201031-030244,0.0746047061526399
20201031-030247,0.03887644224204492
20201031-030252,0.23179015011992932
20201031-030253,0.9348116173988121
20201031-030254,0.0003739535263989167
20201031-030256,0.048728998233318596
20201031-030262,0.871653178306166
20201031-030268,0.6216481738778997
20201031-030269,0.838483649924485
20201031-040017,0.6584034003285537
20201031-040039,0.256259370210824
20201031-040043,0.79100821671546
20201031-040044,0.7473249871461881
20201031-040051,0.23046981085675963
20201031-040055,0.9153032182996601
20201031-040059,0.9448534413109861
20201031-040060,0.3079862284102649
20201031-040074,0.0014342845148865465
20201031-040082,1.9276608759926708e-05
20201031-040083,5.1813432340370305e-11
20201031-040086,0.5486181571053412
20201031-040088,0.007300942552717171
20201031-040104,0.3943913596161176
20201031-040110,0.874592204723694
20201031-040122,0.0013906146788679472
20201031-040123,0.0007472282015262057
20201031-040126,0.13753029393442895
20201031-040129,0.10910113599761763
20201031-040132,0.5697678955021473
20201031-040135,0.07698007381160936
20201031-040138,0.00028041701746625027
20201031-040142,0.8678335867425248
20201031-040146,0.3613396306850427
20201031-040149,0.7123850230866194
20201031-050001,0.8546901919502935
20201031-050002,0.29109735501223605
20201031-050004,0.9411962408909357
20201031-050006,1.4208336572322832e-10
20201031-050017,0.8686299868058387
20201031-050020,0.004074992553569238
20201031-050027,0.0005191158236540924
20201031-050031,0.336871573059583
20201031-050034,0.001197792943162255
20201031-050068,0.7971044161543421
20201031-050080,0.7611397175560938
20201031-050085,0.9318515359167239
20201031-050086,0.9146598289692803
20201031-050087,0.1729738090510688
20201031-050099,0.9150039293465313
20201031-050100,0.7938858191173556
20201031-050119,2.1399415594731305e-09
20201031-050128,0.37417287020681855
20201031-050135,0.00010392500105947836
20201031-050139,0.0489271808662751
20201031-050141,0.5345699499934649
20201031-050145,0.8328848430833364
20201031-050156,0.8668428841307424
20201031-050160,0.023527821989594952
20201031-050178,0.019518604816835542
20201031-050179,0.8592416547223527
20201031-060001,0.9200549957678275
20201031-060009,8.571641302559298e-06
20201031-060022,0.029151778891214973
20201031-060025,0.5561710921841285
20201031-060026,0.010591313927735253
20201031-060031,0.5886095877752553
20201031-060032,0.42707390151294045
20201031-060033,0.498888082215649
20201031-060043,0.7693811133274157
20201031-060060,0.0857612471348583
20201031-060077,0.8707181279853342
20201031-060085,0.06866591814464405
20201031-060086,0.2572587896319454
20201031-060087,0.867241164710877
20201031-060090,0.7006394123127544
20201031-060092,0.021654525104758127
20201031-060099,0.8897586278892942
20201031-060112,0.7340239269897284
20201031-060118,0.2107033207434305
20201031-060122,0.6294092943918654
20201031-060124,0.0032075078416048835
20201031-060125,0.003483030979329559
20201031-060127,0.3314030181605068
20201031-060129,0.023073176379485055
20201031-060133,0.006274532127066723
20201031-060136,0.06430936585284067
20201031-060145,0.0011736486292007148
20201031-060152,0.6583332785485851
20201031-060153,0.757013400635645
20201031-060166,0.033805472528215474
20201031-060167,0.7976276901724418
20201031-060171,0.011343689960737681
20201031-060173,0.307040797492388
20201031-060177,0.9059924230789578
20201031-060185,0.0520005322388426
20201031-060190,0.9302872976781255
20201031-060192,2.654053687949568e-05
20201031-070004,0.8463566855881274
20201031-070005,0.9313193702242993
20201031-070021,0.05013200239078638
20201031-070027,0.001364629543411602
20201031-070042,0.011888484883210846
20201031-070053,0.057445056042612436
20201031-070056,0.079435263976813
20201031-070065,0.013850769055174197
20201031-070072,0.6303765498892692
20201031-070074,0.0030530679446576807
20201031-070084,0.003789297200610163
20201031-070088,0.37291128515758454
20201031-070089,0.912478925177329
20201031-070092,0.9059835353690234
20201031-070094,0.004424078752401786
20201031-070095,0.8611995555530022
20201031-070097,0.1870157030738177
20201031-070105,0.6207563380124798
20201031-070108,2.5549369303667862e-06
20201031-070109,8.302203849760903e-08
20201031-070111,0.006531052120609377
20201031-070112,0.8614167929494791
20201031-070120,0.6105208302797174
20201031-070122,0.10610522794971519
20201031-070128,0.6976083969809069
20201031-070136,0.03072469539737764
20201031-070150,0.8595475182590583
20201031-070153,0.8895628454998146
20201031-070173,0.9602933743010169
20201031-070177,0.5976129833851442
20201031-070181,0.5028884951711184
20201031-070184,0.8883488376646802
20201031-070186,0.0351158878304267
20201031-070191,0.5979114624630057
20201031-070192,0.7607270158733406
20201031-070206,0.9053197920569549
20201031-070215,0.8925609001085157
20201031-070219,0.005962066339685835
20201031-070224,0.8593128738104562
20201031-080006,0.017959714049222076
20201031-080007,0.9201518027952352
20201031-080010,4.697265116004054e-05
20201031-080013,3.078267312366665e-08
20201031-080014,3.392325846273356e-08
20201031-080019,1.3751419126077302e-08
20201031-080046,2.4115626042220186e-06
20201031-080048,0.09815300149426259
20201031-080049,0.10178964300257853
20201031-080054,0.8457485106501125
20201031-080059,0.9133102458917786
20201031-080063,0.5030562257404773
20201031-080069,0.800783485223462
20201031-080070,2.922503963775396e-07
20201031-080075,2.114102658311538e-06
20201031-080076,0.8018812614088114
20201031-080079,0.5973172705723069
20201031-080081,0.9232242077444547
20201031-080082,0.00010110804360321236
20201031-080086,0.902399164991089
20201031-080087,0.5072945896863233
20201031-080094,0.005767739163466685
20201031-080107,0.9387665265489988
20201031-080112,0.26241565737849654
20201031-080113,0.28911514116511233
20201031-080138,7.81842410805195e-06
20201031-080140,1.1679147469820136e-06
20201031-080142,0.597126640557837
20201031-080149,4.9661227393129795e-05
20201031-080152,0.5978731025970705
20201031-080153,0.21183284560403534
20201031-080158,0.9266253248687625
20201031-080163,0.00032973827324613817
20201031-080166,0.011759647080357767
20201031-080169,1.080451870886505e-05
20201031-080173,0.7673641155007658
20201031-080176,0.45273380978220656
20201031-080181,0.1753908626135848
20201031-080182,0.0029087130639879047
20201031-080184,0.009348335793426739
20201031-080195,0.8246165172858176
20201031-080197,0.16735319008740715
20201031-080201,0.9268745597599559
20201031-080202,0.8547454450218028
20201031-080206,0.950895642579062
20201031-080208,0.9430175255922578
20201031-080210,9.415617388222237e-15
20201031-080221,0.0019073714745884412
20201101-010001,0.9274908405295285
20201101-010004,0.8579158445126197
20201101-010005,0.9259436562653262
20201101-010010,0.8993264555547428
20201101-010019,0.736345858605916
20201101-010021,0.6076349535014459
20201101-010022,0.9459236821244987
20201101-010051,0.9383836566284548
20201101-010062,1.3590397690421253e-05
20201101-010067,0.7856052110146391
20201101-010070,0.02586129490188507
20201101-010077,0.9385479036164811
20201101-020003,0.8382746064354728
20201101-020005,0.04163148403376898
20201101-020010,0.6198869757839273
20201101-020011,0.04335676557344521
20201101-020014,0.050587655916228276
20201101-020023,0.837834257354944
20201101-020027,6.295760868804482e-05
20201101-020030,0.4895797503068618
20201101-020038,0.8619581973164683
20201101-020042,0.005034800372988351
20201101-020044,0.010337558586832852
20201101-020048,0.4495645425668088
20201101-020060,1.298173776947898e-05
20201101-020061,0.06001094803224731
20201101-020062,0.0004557269634693179
20201101-020068,0.20002630545978015
20201101-020071,0.8972769454064762
20201101-020090,0.002270339453311078
20201101-020091,0.8278924701492535
20201101-020096,0.9316545236008023
20201101-020101,0.11650174968711254
20201101-020102,0.917213618429746
20201101-020105,0.19502189177876056
20201101-020109,5.4081516541788976e-05
20201101-020113,0.8265288497905404
20201101-020116,0.6948326382476567
20201101-020132,0.6312377805582349
20201101-020134,0.10538715523338954
20201101-020135,0.8642796059879684
20201101-020142,0.6231174367582311
20201101-020143,0.5977930003177401
20201101-020150,0.018517357442435857
20201101-020158,0.9251773920430449
20201101-020165,0.01462053645737448
20201101-020169,0.4167831245984496
20201101-020171,0.913022075445775
20201101-020178,0.8905247649043405
20201101-020188,6.764138416658232e-07
20201101-020203,0.7041144260650257
20201101-020204,0.012423207471674117
20201101-030002,0.8349726675883883
20201101-030012,0.5180589687442785
20201101-030014,0.2839252550699805
20201101-030016,8.90852672250684e-15
20201101-030025,0.649623345954808
20201101-030027,0.29231757157709914
20201101-030028,0.007337858680970882
20201101-030035,0.876404797940183
20201101-030037,0.022246716596848865
20201101-030038,0.2607664779121034
20201101-030053,0.5564620162792757
20201101-030054,0.00045062312036830526
20201101-030056,0.6581702341714188
20201101-030074,0.8786587571551118
20201101-030076,0.7981656710882526
20201101-030080,0.7542043902144057
20201101-030084,0.00925296483940371
20201101-030089,0.8798448316631775
20201101-030097,0.006421811116421711
20201101-030100,0.9218315949743626
20201101-030102,0.47448536518033363
20201101-030103,0.9262526500177337
20201101-030106,0.9268426434295265
20201101-030108,0.14927593653693114
20201101-030122,0.005589376631433493
20201101-030140,0.002978314001701742
20201101-030152,0.9052183297928043
20201101-030166,0.9129621903197199
20201101-030171,0.02019649848388021
20201101-030174,0.9435742749646205
20201101-030180,0.035734405192896015
20201101-030196,0.6729791474913387
20201101-030197,0.4474433219790862
20201101-030198,4.447441510712641e-05
20201101-030200,0.8508270163921484
20201101-030201,0.902456077318901
20201101-040001,0.5994168522655559
20201101-040011,0.011708350361685646
20201101-040015,0.1894606001382688
20201101-040021,0.19559092108739065
20201101-040022,0.8610962521965518
20201101-040023,0.9028960178556753
20201101-040034,0.8045251082649078
20201101-040046,0.9088105391994402
20201101-040047,0.022880844668692855
20201101-040052,9.430246564079878e-05
20201101-040058,0.04230800390929442
20201101-040067,0.0005898834643258693
20201101-040069,0.17322419857784407
20201101-040071,0.33393061360301285
20201101-040085,0.936618869676986
20201101-040088,0.3429442578748369
20201101-040094,0.0008958797466011885
20201101-040095,0.00023982578166535992
20201101-040099,0.19170882529213762
20201101-040110,0.3988094989466634
20201101-040114,0.18781980633783776
20201101-040119,3.5053071630687016e-05
20201101-040121,0.8675743074647286
20201101-040125,0.00024544298951906403
20201101-040127,0.4031142933410668
20201101-040133,0.27237175202631725
20201101-040143,0.23197420024818344
20201101-040151,0.08135859407259437
20201101-040156,0.9046460560984678
20201101-040158,0.07703666553810953
20201101-050003,0.8200664799029722
20201101-050007,0.00012033172577206781
20201101-050010,0.7610627679538844
20201101-050029,0.9324761693719803
20201101-050032,0.004018581703629752
20201101-050041,0.8395925426501026
20201101-050043,0.9330697391357639
20201101-050053,0.7168281273860324
20201101-050074,0.8547553799685651
20201101-050077,0.2902717661422615
20201101-050083,0.600214222429158
20201101-050096,0.8728607326441704
20201101-050101,0.9131351353906484
20201101-050103,0.6765636896142728
20201101-050115,0.7630089947053241
20201101-050116,0.2991202972168672
20201101-050120,0.17902414414936924
20201101-050126,2.3525584918193717e-05
20201101-050127,0.17667510344302906
20201101-050133,0.6750942364598914
20201101-050134,0.8958374291730159
20201101-050135,0.8335819098556706
20201101-050137,0.020865583718530634
20201101-050138,4.884805816836963e-05
20201101-050143,0.8843265381725878
20201101-050152,0.0047317630603758085
20201101-050154,0.8525848662275451
20201101-050161,0.004027876406980225
20201101-050162,0.0023612877950306157
20201101-050172,0.6008962037055102
20201101-050177,0.3715002215169235
20201101-050179,0.5111565961748767
20201101-050180,0.06274778352610837
20201101-050182,0.5835991486936845
20201101-060006,0.00012754248081101223
20201101-060029,0.48562906631290104
20201101-060030,0.3916203525835541
20201101-060037,0.20637404565459405
20201101-060038,0.9375024546462313
20201101-060044,0.8766981690810066
20201101-060053,0.8675543390980404
20201101-060063,0.2900488442852062
20201101-060071,0.14404050561764103
20201101-060072,0.24640598044454118
20201101-060075,0.0077182336167291345
20201101-060078,0.007628700136859935
20201101-060080,1.4521112756624767e-08
20201101-060082,0.6615447829935562
20201101-060097,0.2397614925291103
20201101-060098,0.9358102454443402
20201101-060100,0.8639506353427479
20201101-060111,5.915787229540753e-07
20201101-060112,0.02011361194954862
20201101-060113,0.663302246477687
20201101-060121,1.201776518439508e-06
20201101-060122,0.2811601098042593
20201101-060127,0.0013198012588003427
20201101-060140,0.8418951245385098
20201101-060141,0.3828688617238458
20201101-060146,0.6174570607100345
20201101-060147,0.010114196417182511
20201101-060155,0.0012501911686020979
20201101-060157,0.00025321333826771415
20201101-060163,0.846207084568807
20201101-060166,0.46992328359753505
20201101-070003,0.44540136040968387
20201101-070005,0.2812435040336266
20201101-070008,0.04610924475126049
20201101-070013,0.29701493571206067
20201101-070015,2.6075320771170386e-06
20201101-070017,0.44838168803510087
20201101-070027,0.0009308396512492874
20201101-070030,0.0006901545684575315
20201101-070038,0.00890807588915767
20201101-070042,0.0032560760330240615
20201101-070047,0.05960476921983399
20201101-070054,0.8596234729682197
20201101-070072,4.875134399402935e-10
20201101-070073,0.01084092628538786
20201101-070074,0.05884065236639241
20201101-070080,0.8545509436087119
20201101-070081,0.0012466079314091523
20201101-070082,0.00027120776110015575
20201101-070086,0.8509481505998311
20201101-070092,2.0394692217778772e-05
20201101-070101,0.33029335170203256
20201101-070102,0.049776233868399446
20201101-070106,0.723113031658975
20201101-070108,0.17628199014212217
20201101-070109,0.10636690873180552
20201101-070111,0.34446153205771074
20201101-070114,0.8130008921155798
20201101-070122,0.9022919998603192
20201101-070129,0.8550735835336793
20201101-070133,0.23448737207514705
20201101-070134,0.20243573943089888
20201101-070135,0.12146379960437823
20201101-070145,0.006743576117923412
20201101-070148,0.5125885368779101
20201101-070160,0.01785442803589985
20201101-070163,1.650674406884981e-05
20201101-070165,0.3959501625314145
20201101-070169,0.28438077063195133
20201101-070171,0.6963363545767355
20201101-070175,0.9118482457532874
20201101-070179,0.5605630477378128
20201101-070183,0.8766847896434696
20201101-070184,0.003970812525183129
20201101-070186,0.004668946604670454
20201101-070188,0.8727537945660288
20201101-070191,0.7553324860714714
20201101-070192,0.6487854890045816
20201101-070196,0.7843627942862061
20201101-070201,0.9171048236290884
20201101-070205,0.7818828485979019
20201101-070209,0.024368322367420165
20201101-080001,0.8304513184312655
20201101-080021,0.00014577352860543934
20201101-080024,0.408354175127836
20201101-080027,0.7833615709512424
20201101-080030,0.9283320747607422
20201101-080036,0.9082500602734715
20201101-080040,0.8269924290916579
20201101-080050,0.14170494903660646
20201101-080051,0.7763292391306151
20201101-080055,0.00037460639465072755
20201101-080064,0.7385523379142582
20201101-080070,0.798731388126679
20201101-080072,0.8727994102787355
20201101-080077,0.8275213050750884
20201101-080083,0.05957835834566346
20201101-080085,0.7351952402971845
20201101-080086,0.0018451774362768666
20201101-080089,0.6074748792874448
20201101-080117,0.0025915368198692083
20201101-080129,0.0008780241665835948
20201101-080149,0.2820996930909862
20201101-080150,0.8209700193728314
20201101-080151,0.9363831390478232
20201101-080155,0.9128660157802589
20201101-080161,0.9590705353229957
20201101-080179,0.009061313556830751
20201101-080181,0.9036089788862989
20201101-080192,0.515397156597108
20201101-080203,0.06090848626996745
20201101-080205,0.9300898250356476
20201101-080210,0.9212068621506004
20201101-090018,0.8276925302740706
20201101-090026,0.42422563831730015
20201101-090058,0.0021853482342641924
20201101-090061,0.0010698680382068106
20201101-090063,0.09513539901783406
20201101-090070,0.3689700758422554
20201101-090077,0.0005059032036248074
20201101-090078,0.015191403907468938
20201101-090085,0.03142646569767423
20201101-090093,0.11538353722630121
20201101-090106,0.00044116373861591225
20201101-090112,0.018441091138930676
20201101-090116,0.04640862663086297
20201101-090118,0.16803295114969788
20201101-090121,0.16758600606988536
20201101-090124,0.6898940704347444
20201101-090133,0.11531825337562461
20201101-090135,0.02091636435286041
20201101-090139,0.8975981984902043
20201101-090159,0.7885847853317369
20201101-090164,0.7509665076706314
20201101-090168,0.14198480337849476
20201101-090172,0.37592834588161866
20201101-090173,0.6797839368016713
20201101-090178,0.63767524662515
20201101-090182,0.19666881040862302
20201101-090187,0.5105501545041784
20201101-090194,0.46041860720126865
20201101-100010,0.4146277027723608
20201101-100013,0.7990390070498404
20201101-100035,0.03027802764947834
20201101-100036,0.9007341260820719
20201101-100037,2.7641796054927742e-14
20201101-100042,0.01606868649542734
20201101-100043,0.9305739288951794
20201101-100049,0.6984321297195825
20201101-100051,0.007283152182230184
20201101-100064,1.454498958909828e-05
20201101-100071,0.8449690858369953
20201101-100095,0.8992810913298803
20201101-100103,0.16757443735969998
20201101-100113,0.0007097010694006708
20201101-100117,0.5156660316125736
20201101-100121,0.019753654035675753
20201101-100134,0.8337638628629022
20201101-100138,0.029174300320949458
20201101-100145,0.0014497917487440453
20201101-100151,0.9061163898571017
20201101-100152,0.48305662164294
20201101-100155,3.206447873447097e-25
20201101-100158,0.2063745017977921
20201101-100171,0.9294453395012722
20201101-100174,0.24225089895476415
20201101-100175,0.005739050894270442
20201101-100184,0.9279137270554105
20201101-100185,0.8039136750021713
20201101-100190,0.0007237526118855354
20201101-100191,0.8500559590232385
20201101-100193,0.3749991404177523
20201101-100199,0.018147263038582995
20201101-100202,0.5188507502377924
20201101-100204,0.8295877175928441
20201101-100206,6.374336685214894e-08
20201101-100217,0.7682919845128029
20201101-100225,0.000354482533887311
20201101-100228,0.3225812971739783
20201101-100236,0.3370232513969467
20201101-100242,0.2397383486953989
20201101-100254,0.8979238754391466
20201101-110006,0.001487239629048129
20201101-110009,8.575100135226181e-05
20201101-110019,0.5839735546718743
20201101-110026,0.5478163135136705
20201101-110033,3.2549219849046164e-05
20201101-110039,0.8887156714770398
20201101-110040,9.069452168564189e-05
20201101-110041,4.924217696539143e-08
20201101-110044,0.7937877553382787
20201101-110057,0.7732156918065138
20201101-110062,0.9304312313508686
20201101-110071,0.06930737379544
20201101-110074,0.7653765255862658
20201101-110075,1.7924767911808773e-05
20201101-110077,0.20961475418009434
20201101-110078,0.10565770188865964
20201101-110081,0.9298089348802671
20201101-110082,0.11888924036253383
20201101-110098,6.367881809920142e-05
20201101-110101,0.08206923399834445
20201101-110105,0.605344272764709
20201101-110111,0.042658259698706714
20201101-110112,0.7918135638890396
20201101-110121,0.764927692383972
20201101-110124,4.713102143471461e-05
20201101-110125,0.07227084534482543
20201101-110136,0.2981355027978536
20201101-120002,0.4830776314572728
20201101-120007,0.002515592027766291
20201101-120009,0.6301676116644348
20201101-120019,0.2896251014589149
20201101-120022,0.477148848917507
20201101-120027,0.00236784310969861
20201101-120028,0.0001237878861903118
20201101-120033,0.0009583363301522366
20201101-120038,0.5796208636519119
20201101-120044,0.9386673702644993
20201101-120045,0.7218592230104659
20201101-120048,0.1896768001481529
20201101-120050,0.8837983291961207
20201101-120051,0.957548147699461
20201101-120053,0.22188878961768257
20201101-120054,0.8171736768300928
20201101-120055,0.8866618364926795
20201101-120056,0.6796265818740386
